Rank,Name,Symbol,Market Cap,Price
1,Bitcoin,BTC,600888568010,32289.38
2,Ethereum,ETH,159184556292,1391.61
3,Tether,USDT,24852549111,1.00
4,Polkadot,DOT,16268654954,18.00
5,XRP,XRP,12418387933,0.2735
6,Cardano,ADA,11010118427,0.3539
7,Chainlink,LINK,9942734313,24.70
8,Litecoin,LTC,9387244668,141.48
9,Bitcoin Cash,BCH,8201974858,440.10
10,Binance Coin,BNB,6472081160,41.88
11,Stellar,XLM,6000202935,0.2716
12,USD Coin,USDC,5521308075,1.00
13,Wrapped Bitcoin,WBTC,3639190853,32241.80
14,Uniswap,UNI,3450685059,12.05
15,Aave,AAVE,3251074104,264.85
16,Bitcoin SV,BSV,3260068492,174.95
17,EOS,EOS,2551291496,2.71
18,Monero,XMR,2449982301,137.47
19,Tezos,XTZ,2306657466,3.04
20,TRON,TRX,2151247382,0.03002
21,Synthetix,SNX,2006589973,17.47
22,VeChain,VET,1970079718,0.03063
23,THETA,THETA,1951568156,1.95
24,NEM,XEM,1931684350,0.2146
25,Cosmos,ATOM,1724896717,8.24
26,Neo,NEO,1726263041,24.47
27,Crypto.com Coin,CRO,1660314206,0.07266
28,Dai,DAI,1534097442,1.00
29,Maker,MKR,1447987046,1454.25
30,UNUS SED LEO,LEO,1328374435,1.33
31,IOTA,MIOTA,1266536082,0.4557
32,Celsius,CEL,1265159636,5.30
33,Binance USD,BUSD,1224030836,1.00
34,Compound,COMP,1118037820,250.62
35,Huobi Token,HT,1126008369,5.77
36,Dogecoin,DOGE,1117773115,0.008727
37,Dash,DASH,1055206545,106.20
38,SushiSwap,SUSHI,1063045014,8.35
39,Filecoin,FIL,1039149046,22.76
40,Revain,REV,993033976,0.01167
41,Zcash,ZEC,985495305,89.73
42,FTX Token,FTT,976245790,10.35
43,yearn.finance,YFI,964328081,32177.74
44,Avalanche,AVAX,958937265,12.46
45,Solana,SOL,951852780,3.63
46,Ethereum Classic,ETC,887828905,7.63
47,Kusama,KSM,881540851,104.08
48,Zilliqa,ZIL,751422518,0.06910
49,Waves,WAVES,729419880,7.00
50,Elrond,EGLD,692696512,41.37
51,The Graph,GRT,692435218,0.5559
52,Algorand,ALGO,689909449,0.5634
53,NEAR Protocol,NEAR,676429239,2.56
54,Hedera Hashgraph,HBAR,651673309,0.09386
55,UMA,UMA,641539533,11.52
56,Decred,DCR,627098562,50.07
57,Ren,REN,556641758,0.6290
58,HedgeTrade,HEDG,559262535,1.60
59,Celo,CELO,511819706,2.77
60,Loopring,LRC,509517881,0.4193
61,OMG Network,OMG,503324397,3.59
62,Ontology,ONT,493163287,0.6121
63,renBTC,RENBTC,488438128,32255.66
64,Basic Attention Token,BAT,472986556,0.3191
65,Nano,NANO,450848225,3.38
66,Curve DAO Token,CRV,449709333,2.27
67,ICON,ICX,443835134,0.7597
68,Terra,LUNA,439812500,0.9073
69,0x,ZRX,411242797,0.5482
70,TrueUSD,TUSD,412651090,1.00
71,THORChain,RUNE,411207429,2.60
72,Nexo,NEXO,408915830,0.7302
73,HUSD,HUSD,380701750,1.00
74,BitTorrent,BTT,373274762,0.0003771
75,Reserve Rights,RSR,363301844,0.03886
76,Stacks,STX,366808415,0.4958
77,DigiByte,DGB,356053697,0.02548
78,OKB,OKB,353897464,5.90
79,Qtum,QTUM,346226532,3.55
80,Enjin Coin,ENJ,345562257,0.4198
81,NXM,NXM,316874089,51.45
82,IOST,IOST,290632072,0.01775
83,Horizen,ZEN,291400693,27.26
84,SwissBorg,CHSB,284588774,0.3053
85,Kyber Network,KNC,278660905,1.38
86,Decentraland,MANA,264031244,0.1721
87,Quant,QNT,254270016,21.06
88,Energy Web Token,EWT,248639407,8.27
89,Paxos Standard,PAX,244896411,0.9998
90,Ocean Protocol,OCEAN,237665087,0.5672
91,Bitcoin BEP2,BTCB,226142322,32209.12
92,TerraUSD,UST,222962467,0.9989
93,Ampleforth,AMPL,212726883,1.08
94,Siacoin,SC,210783846,0.004648
95,Voyager Token,VGX,207363493,0.9328
96,Verge,XVG,206161832,0.01255
97,Arweave,AR,202194470,6.05
98,Augur,REP,201979492,18.36
99,Band Protocol,BAND,192194731,9.38
100,Bitcoin Gold,BTG,193649883,11.06
101,Bancor,BNT,191551683,1.86
102,Alpha Finance Lab,ALPHA,190030367,1.09
103,1inch,1INCH,178704022,2.48
104,Lisk,LSK,172656651,1.36
105,ABBC Coin,ABBC,171929070,0.2019
106,Gnosis,GNO,169306587,112.53
107,Status,SNT,169411917,0.04882
108,Aragon,ANT,168353029,4.25
109,Matic Network,MATIC,161380307,0.03318
110,Balancer,BAL,159778139,23.01
111,MaidSafeCoin,MAID,154661130,0.3418
112,Theta Fuel,TFUEL,149539874,0.02859
113,Fantom,FTM,142788672,0.05611
114,Nervos Network,CKB,137850349,0.005821
115,Ravencoin,RVN,137101883,0.01717
116,Injective Protocol,INJ,134048911,8.78
117,ZB Token,ZB,127957189,0.2762
118,Numeraire,NMR,122911960,27.52
119,Bitcoin Diamond,BCD,121804327,0.6531
120,Kava.io,KAVA,120083116,2.56
121,Golem,GLM,119340871,0.1193
122,Helium,HNT,118846788,1.76
123,Holo,HOT,116106443,0.0006934
124,FunFair,FUN,117533688,0.01795
125,MonaCoin,MONA,114619384,1.74
126,RSK Infrastructure Framework,RIF,113116368,0.1643
127,PAX Gold,PAXG,111156554,1859.47
128,Pundi X,NPXS,112844307,0.0004791
129,Orchid,OXT,108588592,0.2954
130,Chiliz,CHZ,107884922,0.01982
131,iExec RLC,RLC,103652122,1.29
132,Civic,CVC,104449122,0.1559
133,Unibright,UBT,99982457,0.6719
134,Utrust,UTK,99483909,0.2211
135,TomoChain,TOMO,99363119,1.30
136,Serum,SRM,98552656,1.97
137,Oasis Network,ROSE,99856547,0.06657
138,CyberVein,CVT,98417642,0.09281
139,Bytom,BTM,93313631,0.06647
140,KuCoin Token,KCS,92327852,1.15
141,IoTeX,IOTX,90954002,0.009431
142,Storj,STORJ,90610667,0.4126
143,aelf,ELF,87203547,0.1602
144,Travala.com,AVA,88275807,1.90
145,WaykiChain,WICC,84904007,0.4492
146,Swipe,SXP,82865630,0.9872
147,Ardor,ARDR,83034598,0.08312
148,Secret,SCRT,80505723,1.15
149,Velas,VLX,79487534,0.03774
150,Komodo,KMD,76595683,0.6187
151,Kleros,PNK,75875842,0.1266
152,Venus,XVS,73965787,9.18
153,DxChain Token,DX,73013979,0.001460
154,SingularityNET,AGI,73317396,0.08497
155,Steem,STEEM,72709393,0.1854
156,Syntropy,NOIA,72502461,0.2312
157,BitShares,BTS,72459675,0.02419
158,Ankr,ANKR,73585828,0.01133
159,district0x,DNT,69482813,0.1158
160,DFI.Money,YFII,69937640,1812.04
161,OriginTrail,TRAC,68627626,0.2019
162,Wanchain,WAN,67557699,0.3997
163,Morpheus.Network,MRPH,67986276,1.44
164,xDai,STAKE,66625762,16.81
165,JUST,JST,66346658,0.02935
166,Fetch.ai,FET,66466747,0.08908
167,Harmony,ONE,65159279,0.007443
168,Keep3rV1,KP3R,65117266,325.58
169,WAX,WAXP,65322421,0.04352
170,Kin,KIN,65121563,0.00004290
171,LTO Network,LTO,63955528,0.2343
172,Hive,HIVE,61002044,0.1472
173,Loom Network,LOOM,62794243,0.06470
174,LBRY Credits,LBC,61328174,0.1177
175,IRISnet,IRIS,59947852,0.06358
176,Energi,NRG,60094598,1.62
177,DIA,DIA,59500146,2.10
178,Enzyme Finance,MLN,57918478,39.21
179,Electroneum,ETN,56256280,0.005500
180,Syscoin,SYS,55511231,0.09176
181,Ark,ARK,54980146,0.4340
182,Polymath,POLY,53974551,0.09713
183,Stratis,STRAX,53324663,0.5328
184,MCO,MCO,52166518,3.30
185,Divi,DIVI,49836861,0.02357
186,AdEx Network,ADX,50169168,0.4422
187,Firo,FIRO,49639888,4.33
188,Tellor,TRB,47228963,28.43
189,Populous,PPT,47559894,0.8931
190,Power Ledger,POWR,47321954,0.1116
191,bZx Protocol,BZRX,46428704,0.3202
192,TrustSwap,SWAP,45050562,0.6256
193,Uquid Coin,UQC,44131468,4.41
194,Streamr,DATA,43902695,0.06155
195,Handshake,HNS,43275469,0.1234
196,VeThor Token,VTHO,42115437,0.001329
197,Elastos,ELA,42754691,2.48
198,QuarkChain,QKC,41616102,0.006503
199,Ultra,UOS,42353342,0.1499
200,Akropolis,AKRO,40468987,0.01668
201,Counos X,CCXX,1629065999,91.46
202,HEX,HEX,1457049646,0.008402
203,INO COIN,INO,1036388669,5.76
204,DeFiChain,DFI,984226629,2.48
205,IZE,IZE,835065858,0.2007
206,Basid Coin,BASID,613633313,1.08
207,ThoreCoin,THR,546218236,6301.11
208,Insight Chain,INB,542833297,1.55
209,Creditcoin,CTC,473845605,0.8333
210,botXcoin,BOTX,373677992,0.2290
211,Zelwin,ZLW,302438330,4.28
212,Bitcoin Cash ABC,BCHA,268890810,14.48
213,Cipher Core Token,CIPHC,250039314,33.90
214,Metacoin,MTC,197265362,0.1841
215,Largo Coin,LRG,174161789,9.84
216,Sologenic,SOLO,164582103,0.8229
217,WhiteCoin,XWC,157029510,0.6277
218,Doctors Coin,DRS,154174818,0.6711
219,Huobi BTC,HBTC,152620739,31728.78
220,Empty Set Dollar,ESD,151012582,0.3406
221,YUSRA,YUSRA,148059126,3.71
222,Bitpanda Ecosystem Token,BEST,147934253,0.3645
223,Vitae,VITAE,148081242,7.61
224,Perpetual Protocol,PERP,144704232,7.08
225,sUSD,SUSD,144488135,1.01
226,Keep Network,KEEP,140746580,0.3061
227,PARSIQ,PRQ,136875105,1.31
228,Hegic,HEGIC,137261924,0.4071
229,Elitium,EUM,136480023,4.54
230,Bridge Oracle,BRG,131998633,0.01650
231,Frax,FRAX,131494144,1.01
232,Chimpion,BNANA,113640669,3.58
233,PancakeSwap,CAKE,122872060,1.22
234,Mobilian Coin,MBN,120641846,0.8526
235,Darma Cash,DMCH,117622650,0.5554
236,Massnet,MASS,114729943,1.30
237,Neutrino USD,USDN,115544974,0.9918
238,Bloomzed Loyalty Club Ticket,BLCT,113359028,2.98
239,NewYork Exchange,NYE,108460086,15.30
240,TNC Coin,TNC,107353325,0.04646
241,MimbleWimbleCoin,MWC,103517232,9.68
242,Strong,STRONG,99770676,30.46
243,GNY,GNY,96906833,0.5037
244,GreenPower,GRN,96920154,0.02999
245,Edgeware,EDG,93510675,0.01730
246,NEST Protocol,NEST,89935212,0.05143
247,Wrapped BNB,WBNB,90627800,41.68
248,Livepeer,LPT,88675694,4.19
249,Idea Chain Coin,ICH,86711515,1.69
250,NuCypher,NU,86919893,0.2213
251,XeniosCoin,XNC,85164470,1.12
252,XinFin Network,XDC,86098780,0.007058
253,Mixin,XIN,83070797,156.58
254,Rakon,RKN,82204884,0.3385
255,Eauric,EAURIC,81108039,2.98
256,API3,API3,81220525,5.87
257,Hellenic Coin,HNC,78743257,1.13
258,SKALE Network,SKL,75752268,0.1343
259,Beldex,BDX,74918647,0.07643
260,Qcash,QC,71473178,0.1554
261,Polkastarter,POLS,67670774,1.33
262,The Transfer Token,TTT,66699760,1.50
263,MATH,MATH,66765690,0.5838
264,Sora,XOR,65691418,187.69
265,MINDOL,MIN,67728462,0.3955
266,Reef,REEF,64629115,0.02135
267,Amp,AMP,63228654,0.006512
268,Mirror Protocol,MIR,63896703,2.50
269,The Sandbox,SAND,62234867,0.09479
270,AXEL,AXEL,60558271,0.2291
271,Harvest Finance,FARM,59912785,134.14
272,Akash Network,AKT,59423681,1.81
273,Homeros,HMR,58868462,0.1424
274,CoinMetro Token,XCM,57541232,0.1897
275,Attila,ATT,57026957,0.1266
276,Rewardiqa,REW,55661776,5.57
277,TerraKRW,KRT,54699257,0.0009100
278,RAMP,RAMP,54813955,0.3252
279,Bithao,BHAO,54426339,1.24
280,Meta,MTA,50697994,3.32
281,Waves Enterprise,WEST,51525321,0.2514
282,Sport and Leisure,SNL,51017983,0.07517
283,Folgory Coin,FLG,50933749,2.91
284,Poseidon Network,QQQ,50838140,0.02308
285,EFFORCE,WOZX,50564477,1.43
286,saffron.finance,SFI,49952187,678.87
287,Cashaa,CAS,49473462,0.07178
288,Orion Protocol,ORN,49086720,2.91
289,ChainX,PCX,48489955,6.28
290,Bitball Treasure,BTRS,47812628,106.25
291,KardiaChain,KAI,45523874,0.02221
292,LGCY Network,LGCY,43297609,0.003916
293,CryptalDash,CRD,43312093,0.04331
294,cVault.finance,CORE,43092493,4309.25
295,BitMax Token,BTMX,42822118,0.06482
296,Centrality,CENNZ,42017843,0.03501
297,Etherisc DIP Token,DIP,41996724,0.2434
298,Darwinia Network,RING,40663514,0.09075
299,Aidos Kuneen,ADK,40481875,1.62
300,Rocket Pool,RPL,40326967,3.92
301,COTI,COTI,40243756,0.07085
302,SUN,SUN,40307722,8.62
303,Haven Protocol,XHV,39976472,2.78
304,Axie Infinity,AXS,39802868,0.7371
305,Nimiq,NIM,39648148,0.005509
306,Celer Network,CELR,39430618,0.007434
307,STASIS EURO,EURS,39053384,1.22
308,Everipedia,IQ,39867674,0.004007
309,TROY,TROY,38893472,0.003889
310,Aion,AION,38788676,0.07957
311,Origin Protocol,OGN,38592175,0.1864
312,Phala.Network,PHA,38179885,0.2867
313,Mainframe,MFT,38763877,0.003876
314,ankrETH,aEth,38100763,1299.04
315,Trust Wallet Token,TWT,37761912,0.1505
316,MXC,MXC,38141833,0.01506
317,Telcoin,TEL,37941376,0.0007548
318,mStable USD,MUSD,36987663,1.01
319,SOLVE,SOLVE,36134463,0.09618
320,GateToken,GT,36781098,0.5025
321,TitanSwap,TITAN,36922169,0.6914
322,ShareToken,SHR,36321871,0.01605
323,stETH (Lido),STETH,36655532,1341.55
324,Ferrum Network,FRM,36765249,0.2498
325,Orbit Chain,ORC,35944026,0.07714
326,Request,REQ,36155058,0.03616
327,ReddCoin,RDD,36156403,0.001255
328,The Midas Touch Gold,TMTG,35764002,0.004600
329,Sapphire,SAPP,35646154,0.07423
330,TrueFi,TRU,35326197,0.2512
331,Bluzelle,BLZ,34900864,0.1353
332,Hxro,HXRO,34965537,0.1940
333,Orbs,ORBS,35553829,0.01594
334,NULS,NULS,34753909,0.3489
335,BTU Protocol,BTU,34811777,0.3867
336,NFTX,NFTX,34489579,82.12
337,Tokenlon Network Token,LON,33427454,4.25
338,Cocos-BCX,COCOS,32890153,0.7828
339,DigixDAO,DGD,32860381,266.51
340,v.systems,VSYS,33056849,0.01509
341,BitcoinPoS,BPS,32996783,8.22
342,Bytecoin,BCN,32791504,0.0001781
343,HyperCash,HC,32940495,0.7319
344,0Chain,ZCN,32692001,0.6754
345,HARD Protocol,HARD,32622063,0.6838
346,Gifto,GTO,29598064,0.03843
347,Whiteheart,WHITE,32024498,3603.12
348,Bankera,BNK,31962203,0.001298
349,BarnBridge,BOND,31547202,33.20
350,1irstcoin,FST,31147719,0.8907
351,Celo Dollar,CUSD,30684111,1.00
352,WINk,WIN,30370875,0.00009684
353,Stakenet,XSN,30178337,0.2683
354,SALT,SALT,30214517,0.3841
355,VestChain,VEST,29945503,0.007589
356,Robonomics.network,XRT,29909755,35.18
357,Cream Finance,CREAM,30030815,200.30
358,Ignis,IGNIS,29887762,0.03927
359,Beam,BEAM,29470214,0.3686
360,Super Zero Protocol,SERO,29500543,0.09670
361,Breezecoin,BRZE,29477011,0.2948
362,STEM CELL COIN,SCC,29012342,0.09048
363,Safex Token,SFT,28988409,0.01537
364,USDK,USDK,28656356,1.00
365,Veritaseum,VERI,28704189,13.35
366,Badger DAO,BADGER,28980576,12.50
367,Ultiledger,ULT,28658260,0.01212
368,Flamingo,FLM,28302354,0.1887
369,Thunder Token,TT,28402894,0.004824
370,Marlin,POND,28291553,0.06605
371,Switcheo,SWTH,28216109,0.02394
372,MVL,MVL,28539593,0.002663
373,Groestlcoin,GRS,27870896,0.3629
374,VIDT Datalink,VIDT,27479447,0.5559
375,Oxen,LOKI,27517504,0.5182
376,Aeternity,AE,27489781,0.08334
377,DuckDaoDime,DDIM,27454496,42.98
378,inSure,SURE,15047104,0.004201
379,COVER Protocol,COVER,27178558,486.72
380,YF Link,YFL,27233613,528.78
381,Cortex,CTXC,26947626,0.1078
382,Waltonchain,WTC,27098599,0.3757
383,Metal,MTL,26929908,0.4106
384,Lambda,LAMB,26914767,0.02069
385,Hermez Network,HEZ,26877600,5.72
386,BORA,BORA,27217267,0.03190
387,Dent,DENT,26724909,0.0003019
388,USDX [Kava],USDX,26519992,0.8156
389,Ripio Credit Network,RCN,26052810,0.05124
390,Pirate Chain,ARRR,25949863,0.1499
391,CertiK,CTK,26176961,1.02
392,Nexus,NXS,25758727,0.3704
393,PIVX,PIVX,25878293,0.3972
394,GXChain,GXC,25816560,0.3688
395,ASTA,ASTA,25687094,0.03317
396,Wirex Token,WXT,25768031,0.007578
397,Linear,LINA,25337913,0.02596
398,MX Token,MX,25456820,0.1855
399,DMM: Governance,DMG,24997115,0.3335
400,OctoFi,OCTO,25015111,43.64
401,ARPA Chain,ARPA,24922563,0.02657
402,Ergo,ERG,24820263,0.9012
403,MANTRA DAO,OM,24765202,0.1025
404,Audius,AUDIO,24798519,0.2067
405,Metronome,MET,24373622,2.14
406,SUKU,SUKU,24152028,0.1680
407,reflect.finance,RFI,24539684,2.58
408,Vai,VAI,24086742,1.00
409,BOSAGORA,BOA,24106975,0.08020
410,Nash Exchange,NEX,24020606,0.8236
411,Counos Coin,CCA,23706336,1.60
412,Bella Protocol,BEL,23422532,1.62
413,Metaverse Dualchain Network Architecture,DNA,23173386,0.001150
414,Ducato Protocol Token,DUCATO,22887515,18.02
415,Zap,ZAP,22947949,0.09718
416,Quantstamp,QSP,22898578,0.03208
417,Neutrino Token,NSBT,22485123,12.24
418,Grin,GRIN,22556452,0.3543
419,IDEX,IDEX,22248389,0.03944
420,Obyte,GBYTE,22256738,29.53
421,BASIC,BASIC,22115288,0.006209
422,StormX,STMX,21839222,0.002771
423,Nexalt,XLT,20933472,1.05
424,WazirX,WRX,21160680,0.09310
425,Quantum Resistant Ledger,QRL,22126210,0.3026
426,PEAKDEFI,PEAK,21067788,0.2749
427,SparkPoint,SRK,21082813,0.002884
428,AirSwap,AST,21101140,0.1407
429,Unifi Protocol DAO,UNFI,20807268,7.69
430,Dusk Network,DUSK,20731058,0.07051
431,Dynamic Trading Rights,DTR,20643438,0.01086
432,Huobi Pool Token,HPT,20547417,0.003938
433,REVV,REVV,20255193,0.07465
434,Leverj Gluon,L2,20459749,0.08656
435,Standard Tokenization Protocol,STPT,20304039,0.02216
436,DODO,DODO,19918679,0.7826
437,Beefy.Finance,BIFI,19281861,267.80
438,Einsteinium,EMC2,19688351,0.08901
439,Klever,KLV,20753130,0.004806
440,Props Token,PROPS,19600954,0.09012
441,Refereum,RFR,18692589,0.003739
442,Crypterium,CRPT,19768931,0.2341
443,Gas,GAS,19383896,1.91
444,Galatasaray Fan Token,GAL,19097810,5.44
445,Frontier,FRONT,18881129,0.7705
446,Steem Dollars,SBD,18812577,3.13
447,Cindicator,CND,18599076,0.009300
448,Decentralized Vulnerability Platform,DVP,18622671,0.06157
449,S4FE,S4F,18477186,0.02064
450,FC Barcelona Fan Token,BAR,18355697,11.38
451,DAD,DAD,19114390,0.1420
452,12Ships,TSHP,18349994,0.003699
453,88mph,MPH,18134548,160.09
454,Nebulas,NAS,17949380,0.3099
455,RSK Smart Bitcoin,RBTC,17977329,32435.57
456,Zenon,ZNN,18420623,3.65
457,Dragonchain,DRGN,17836953,0.04819
458,Frax Share,FXS,17658698,7.79
459,Rally,RLY,17585787,0.2888
460,Universa,UTNP,17340463,0.005487
461,Oraichain Token,ORAI,17493402,38.83
462,BoringDAO,BOR,17296106,394.77
463,dForce,DF,17432451,0.1519
464,Function X,FX,17317280,0.07542
465,Invictus Hyperion Fund,IHF,17166669,0.1443
466,WOM Protocol,WOM,16807421,0.1674
467,Contentos,COS,17007374,0.008193
468,PowerPool,CVP,16821181,2.87
469,Perlin,PERL,16644199,0.03445
470,NKN,NKN,16431557,0.02815
471,NerveNetwork,NVT,16393705,0.05919
472,FIO Protocol,FIO,16490961,0.07703
473,Xensor,XSR,16544193,0.003565
474,Gemini Dollar,GUSD,16274828,1.00
475,Neblio,NEBL,16252704,0.9582
476,DREP,DREP,16135813,0.004047
477,Aurora,AOA,15974792,0.001637
478,Gleec,GLEEC,16031524,0.7727
479,yOUcash,YOUC,15969613,0.01041
480,Dock,DOCK,15818526,0.02520
481,Zynecoin,ZYN,15594964,0.7044
482,Navcoin,NAV,15602340,0.2204
483,KeeperDAO,ROOK,15423129,423.36
484,Monolith,TKN,15494698,0.4583
485,Bonfida,FIDA,15564073,0.5986
486,VerusCoin,VRSC,14713502,0.2437
487,BigONE Token,ONE,15254893,0.001614
488,Spartan Protocol,SPARTA,15356478,0.2464
489,Prometeus,PROM,15319837,2.50
490,PRIZM,PZM,15272812,0.005941
491,USDJ,USDJ,14715797,0.9998
492,Global Digital Content,GDC,14722877,0.004588
493,BitForex Token,BF,15007011,0.003520
494,ERC20,ERC20,14615869,0.01297
495,DigitalBits,XDB,15014488,0.01999
496,Seigniorage Shares,SHARE,14571360,0.7162
497,Newscrypto,NWC,14180576,0.1489
498,Render Token,RNDR,14160025,0.1010
499,Wing,WING,14151028,15.82
500,AGA Token,AGA,14001279,2.02
501,Stafi,FIS,13978473,1.25
502,YFDAI.FINANCE,YF-DAI,13781971,3457.59
503,Measurable Data Token,MDT,13894178,0.02102
504,Spendcoin,SPND,13899645,0.006110
505,Aleph.im,ALEPH,13749923,0.1760
506,Atomic Wallet Coin,AWC,14059291,1.33
507,Meme,MEME,13599075,485.68
508,DEXTools,DEXT,13660256,0.1451
509,Presearch,PRE,13576175,0.03568
510,NEXT,NET,13514323,0.3338
511,Chromia,CHR,13414276,0.03122
512,Carry,CRE,13467478,0.002069
513,Archer DAO Governance Token,ARCH,13361634,2.20
514,Endor Protocol,EDR,13003368,0.008923
515,TrueChain,TRUE,13396460,0.1683
516,BHPCoin,BHP,13326208,0.6604
517,Molecular Future,MOF,13258809,0.1551
518,Rari Governance Token,RGT,13228302,1.85
519,King DAG,KDAG,13177364,0.2429
520,PLATINCOIN,PLC,13185799,2.64
521,Beowulf,BWF,13148508,0.01315
522,BitKan,KAN,13121028,0.001902
523,Apollo Currency,APL,13095234,0.0008917
524,Sentinel Protocol,UPP,12830215,0.02906
525,DeXe,DEXE,12912363,4.76
526,Aergo,AERGO,12949595,0.04905
527,Bounce Token,BOT,12822583,434.66
528,IQeon,IQN,12855821,2.34
529,Morpheus Labs,MITX,12746181,0.03028
530,BitcoinHD,BHD,12504026,2.06
531,SIRIN LABS Token,SRN,12345040,0.02510
532,Anchor Neural World,ANW,12728537,0.1191
533,MediBloc,MED,12721300,0.004646
534,QASH,QASH,12682069,0.03623
535,Shopping,SPI,12614844,13.65
536,Project Pai,PAI,12421849,0.008282
537,OST,OST,12142264,0.01590
538,Cartesi,CTSI,12430956,0.05958
539,Moeda Loyalty Points,MDA,12305708,0.6269
540,Phoenix Global,PHB,12337982,0.003578
541,CONTRACOIN,CTCN,12342691,0.4606
542,Factom,FCT,12166995,1.27
543,STATERA,STA,12099625,0.1454
544,Dynamic,DYN,12058997,0.7901
545,Namecoin,NMC,11913743,0.8085
546,Paris Saint-Germain Fan Token,PSG,11860436,9.21
547,Juventus Fan Token,JUV,11810624,8.98
548,PowerTrade Fuel,PTF,11989959,0.6767
549,DMarket,DMT,11943013,0.2098
550,MahaDAO,MAHA,11587739,14.79
551,Growth DeFi,GRO,11597499,75.49
552,Arcblock,ABT,11540461,0.1171
553,MiL.k,MLK,11537102,0.1476
554,SpaceChain,SPC,11486472,0.03190
555,VITE,VITE,11447553,0.02413
556,PlatonCoin,PLTC,11451110,0.4550
557,Sentivate,SNTVT,11512330,0.003345
558,Nxt,NXT,11330639,0.01134
559,ZBG Token,ZT,11337358,0.04294
560,Davinci Coin,DAC,11324908,0.002451
561,Telos,TLOS,11303578,0.04185
562,Emirex Token,EMRX,11282312,0.4170
563,Constellation,DAG,11252771,0.008882
564,Vertcoin,VTC,11135658,0.1906
565,RChain,REV,11308547,0.02343
566,Genesis Vision,GVT,11356224,2.57
567,Raiden Network Token,RDN,11153396,0.2191
568,dKargo,DKA,11261799,0.02330
569,Aavegotchi,GHST,10895024,0.5992
570,Proton,XPR,11052139,0.004608
571,MovieBloc,MBL,11127156,0.001611
572,Pickle Finance,PICKLE,10751942,11.28
573,GoCrypto Token,GOC,10695168,0.05260
574,DOS Network,DOS,10633465,0.07822
575,Mithril,MITH,10676721,0.01068
576,MAP Protocol,MAP,10584762,0.03324
577,Tachyon Protocol,IPX,10593908,0.03970
578,AnimalGo,GOM2,10446416,0.01080
579,Metadium,META,10482497,0.008417
580,Hashgard,GARD,10491303,0.0001058
581,LATOKEN,LA,10492983,0.02761
582,Gem Exchange And Trading,GXT,10381821,0.2425
583,Peercoin,PPC,10188032,0.3813
584,Blocknet,BLOCK,10351777,1.38
585,Kadena,KDA,10329834,0.1714
586,CONUN,CON,10262488,0.003542
587,PieDAO DOUGH v2,DOUGH,10257739,1.05
588,Anchor,ANCT,10234626,0.7979
589,Atari Token,ATRI,10256156,0.1478
590,Metaverse ETP,ETP,10121423,0.1270
591,TriumphX,TRIX,10073630,0.8162
592,OAX,OAX,9763886,0.1290
593,Bit-Z Token,BZ,9967736,0.07971
594,Sentinel,SENT,9978418,0.004989
595,Maro,MARO,9986475,0.02143
596,Skycoin,SKY,9915284,0.5219
597,HUNT,HUNT,9973499,0.09037
598,LCX,LCX,9945455,0.01752
599,PAC Global,PAC,10807735,0.0008333
600,Gala,GALA,9876514,0.001416
601,Moss Coin,MOC,9797585,0.02668
602,pNetwork,PNT,9703484,0.4523
603,AIDUS TOKEN,AIDUS,9726809,0.02221
604,smARTOFGIVING,AOG,9632002,0.1305
605,CyberMiles,CMT,9539556,0.01192
606,Crust,CRU,9599849,8.92
607,VideoCoin,VID,9530625,0.06505
608,LockTrip,LOC,9471394,0.6334
609,AppCoins,APPC,9594400,0.03907
610,LikeCoin,LIKE,9494612,0.01137
611,GoChain,GO,9419386,0.008852
612,Egoras Dollar,EUSD,9384171,1.23
613,Ambrosus,AMB,9371759,0.02300
614,Hakka.Finance,HAKKA,9251005,0.06170
615,Selfkey,KEY,9224336,0.002539
616,VIDY,VIDY,9191992,0.001014
617,LUKSO,LYXe,9153417,2.41
618,Fusion,FSN,9168348,0.1882
619,FirmaChain,FCT,9133724,0.04957
620,BIKI,BIKI,9067042,0.02879
621,Crypto Village Accelerator,CVA,8900514,0.1200
622,Swerve,SWRV,9080345,0.8880
623,Wabi,WABI,8860524,0.09610
624,SaTT,SATT,8852619,0.002848
625,SnowSwap,SNOW,9098355,46.10
626,Ruff,RUFF,8808185,0.008983
627,CoinEx Token,CET,8797796,0.01242
628,Burger Swap,BURGER,8738619,0.7404
629,Kcash,KCASH,8746856,0.01963
630,ForTube,FOR,8746018,0.01997
631,Everus,EVR,8729481,0.01874
632,ILCOIN,ILC,8695852,0.01380
633,Time New Bank,TNB,8502919,0.002339
634,DEX,DEX,8717591,0.04551
635,eBitcoin,EBTC,8680540,0.4594
636,Veros,VRS,8651821,7.05
637,Observer,OBSR,8535109,0.003716
638,FIBOS,FO,8501767,0.007956
639,Stake DAO,SDT,8438832,11.91
640,FOAM,FOAM,8395418,0.02724
641,Ubiq,UBQ,8387276,0.1968
642,SpankChain,SPANK,8324951,0.02775
643,AMO Coin,AMO,8334488,0.0004521
644,YIELD App,YLD,8225155,0.2516
645,WePower,WPR,8357182,0.01221
646,LinkEye,LET,8162610,0.009834
647,Wowbit,WWB,8168107,0.02941
648,FNB Protocol,FNB,8065567,0.003392
649,DSLA Protocol,DSLA,8085626,0.001297
650,ECC,ECC,8078347,0.0003231
651,Lido DAO Token,LDO,8073605,0.9117
652,Content Value Network,CVNT,8051333,0.008704
653,PCHAIN,PI,7982096,0.009943
654,Dawn Protocol,DAWN,7986047,0.1806
655,ThoreNext,THX,7917622,0.1651
656,Bird.Money,BIRD,7798876,101.06
657,Bread,BRD,7786986,0.08776
658,High Performance Blockchain,HPB,7775785,0.1064
659,Jewel,JWL,7768855,0.1420
660,Elamachain,ELAMA,7396475,0.009975
661,PIXEL,PXL,7665628,0.01375
662,Viacoin,VIA,7603138,0.3281
663,Tap,XTP,7618506,0.006184
664,Kryll,KRL,7611489,0.2537
665,Polis,POLIS,7592571,0.7722
666,PlayFuel,PLF,7591619,0.01518
667,Gulden,NLG,7562756,0.01417
668,#MetaHash,MHC,7546282,0.003234
669,TE-FOOD,TONE,7578940,0.01602
670,Wagerr,WGR,7489893,0.03835
671,TokenClub,TCT,7404007,0.01068
672,TenX,PAY,7288146,0.04977
673,Aryacoin,AYA,7255415,0.04522
674,Olive,OLE,7156376,0.02583
675,TrustVerse,TRV,7149845,0.01470
676,Blockzero Labs,XIO,6971555,0.2111
677,Humanscape,HUM,7128678,0.01421
678,Cobak Token,CBK,7144765,2.54
679,Origin Dollar,OUSD,7066931,1.01
680,Quiztok,QTCON,7071490,0.01457
681,POA,POA,7048897,0.02483
682,VNX Exchange,VNXLU,6924468,0.2464
683,APY.Finance,APY,6923918,0.4523
684,Everex,EVX,7007528,0.3087
685,AEN Smart Token,AENS,7028685,0.01002
686,Grid+,GRID,6983668,0.1780
687,Nucleus Vision,NCASH,6891603,0.0009703
688,MixMarvel,MIX,6949079,0.001924
689,CWV Chain,CWV,6926649,0.001956
690,Dero,DERO,6834429,0.6619
691,LiquidApps,DAPP,6795346,0.009646
692,Hacken Token,HAI,6636353,0.03576
693,QuickX Protocol,QCX,6809201,0.01366
694,Darwinia Commitment Token,KTON,6725786,127.84
695,Tokamak Network,TON,6746833,2.47
696,Achain,ACT,6621410,0.006729
697,GameCredits,GAME,6665694,0.05037
698,LGO Token,LGO,6603400,0.1223
699,Pillar,PLR,6595976,0.02543
700,Orient Walt,HTDF,6554349,0.06910
701,Lightning Bitcoin,LBTC,6434648,1.67
702,Mirrored Apple,mAAPL,6510438,147.01
703,Cryptocean,CRON,6479098,0.7902
704,TRONCLASSIC,TRXC,6474459,0.00001392
705,Levolution,LEVL,6450655,0.09664
706,Eminer,EM,6412442,0.004434
707,Jibrel Network,JNT,6411810,0.03775
708,Effect.AI,EFX,6450548,0.02558
709,BIZZCOIN,BIZZ,6365933,0.9866
710,Clams,CLAM,6345237,1.40
711,APIX,APIX,6311096,0.05339
712,Minter Network,BIP,6504500,0.001941
713,Aragon Court,ANJ,6274960,0.05116
714,GeoDB,GEO,6248371,0.2897
715,Seele-N,SEELE,6255478,0.008942
716,Hubii Network,HBT,6229829,0.4023
717,Particl,PART,6206011,0.6386
718,Realio Network,RIO,6144245,0.9354
719,Propy,PRO,6147992,0.08770
720,Atletico De Madrid Fan Token,ATM,6006908,4.91
721,Geeq,GEEQ,6227083,0.8170
722,Level01,LVX,6068295,0.03683
723,Nestree,EGG,6032144,0.004309
724,JustLiquidity,JUL,6013994,37.95
725,ELYSIA,EL,6017792,0.002478
726,Valobit,VBIT,5880304,0.01212
727,Blox,CDT,5992040,0.008883
728,VIBE,VIBE,5968194,0.02294
729,ZEON,ZEON,5901507,0.0002018
730,SmartCash,SMART,5876418,0.004156
731,VeriBlock,VBK,5863685,0.008401
732,BuySell,BULL,5844268,1.16
733,DAOstack,GEN,5882439,0.1221
734,Mirrored Tesla,mTSLA,5849288,929.88
735,DragonVein,DVC,5843885,0.03811
736,BLOCKv,VEE,5834664,0.001788
737,Matrix AI Network,MAN,5758478,0.02687
738,BTSE,BTSE,5817663,1.34
739,INLOCK,ILK,5853528,0.004372
740,Newton,NEW,5817757,0.0002828
741,Free Tool Box Coin,FTB,5804715,0.006711
742,Safe Haven,SHA,5759548,0.001916
743,TOP,TOP,5783721,0.001123
744,Phantasma,SOUL,5771025,0.1021
745,Auctus,AUC,5700903,0.1798
746,Tokenomy,TEN,5689817,0.02845
747,USDQ,USDQ,5647642,1.02
748,Metrix Coin,MRX,5658419,0.0003229
749,Aitra,AITRA,5647618,3.76
750,Digitex Token,DGTX,5583490,0.005997
751,Idle,IDLE,5569856,6.24
752,YOYOW,YOYOW,5678970,0.01157
753,Mettalex,MTLX,5532397,4.93
754,Etheroll,DICE,5507058,0.7865
755,DeFi Yield Protocol,DYP,5483286,4.81
756,RigoBlock,GRG,5471550,4.18
757,SunContract,SNC,5472351,0.04460
758,Covesting,COV,5425852,0.3014
759,Hedget,HGET,5367825,3.06
760,Cryptopay,CPAY,5406183,0.07907
761,Infinity Esaham,INFS,5402508,8.51
762,PumaPay,PMA,5394008,0.0002010
763,EUNO,EUNO,5393175,0.0008841
764,Precium,PCM,5406964,0.007233
765,PlayChip,PLA,5380305,0.0003841
766,SymVerse,SYM,5362531,0.08007
767,Rubycoin,RBY,5348068,0.1938
768,Voise,VOISE,5321965,0.009688
769,Counterparty,XCP,5291480,2.02
770,Monero Classic,XMC,5044325,0.2630
771,CryptoPing,PING,5211292,0.5791
772,Mobius,MOBI,5202995,0.01010
773,United Traders Token,UTT,5207315,0.1387
774,Wootrade,WOO,5203558,0.02633
775,Esportbits,HLT,5185305,0.2253
776,Agrello,DLT,5131535,0.05349
777,HOLD,HOLD,5160775,0.007322
778,ROOBEE,ROOBEE,4996332,0.002036
779,Shift,SHIFT,5142484,0.3710
780,ZClassic,ZCL,5138289,0.5648
781,UCA Coin,UCA,5067541,0.003182
782,DEAPcoin,DEP,4993302,0.005656
783,42-coin,42,4994352,118913.27
784,UniLend,UFT,5000573,0.4630
785,Carboncoin,CARBON,4973684,0.0003231
786,Prosper,PROS,4965444,1.28
787,OG Fan Token,OG,4962783,3.89
788,WeShow Token,WET,4932266,0.004493
789,FABRK,FAB,4902507,0.001023
790,PolySwarm,NCT,5182513,0.003351
791,ProximaX,XPX,4828106,0.0007918
792,Blocery,BLY,4835324,0.08866
793,TEMCO,TEMCO,4803159,0.001470
794,ZIMBOCASH,ZASH,4812166,0.004253
795,BitMart Token,BMX,4798404,0.02763
796,Dragon Coins,DRG,4782243,0.01372
797,Bibox Token,BIX,4770459,0.05787
798,Jobchain,JOB,4749636,0.0008034
799,Alpha Quark Token,AQT,4815143,1.92
800,Penta,PNT,4728768,0.0002250
801,Unitrade,TRADE,4607846,0.1687
802,KIMCHI.finance,KIMCHI,4694647,0.005033
803,Multiplier,MXX,4715634,0.02964
804,GET Protocol,GET,4689832,0.4118
805,Mysterium,MYST,4681006,0.2337
806,FLETA,FLETA,4676246,0.004347
807,MIR COIN,MIR,4665062,0.005976
808,AS Roma Fan Token,ASR,4666215,3.82
809,Mirrored Invesco QQQ Trust,mQQQ,4627110,345.18
810,Incent,INCNT,4591805,0.09979
811,Cardstack,CARD,4650756,0.001972
812,Ternio,TERN,4576070,0.007987
813,IoT Chain,ITC,4570003,0.05240
814,Rapidz,RPZX,4442777,0.002587
815,Trittium,TRTT,4552115,0.03531
816,Diamond,DMD,4549146,1.28
817,BnkToTheFuture,BFT,4540401,0.006220
818,GAPS,GAP,4521737,0.4522
819,Noku,NOKU,4484131,0.1434
820,Hydro Protocol,HOT,4491071,0.006398
821,Santiment Network Token,SAN,4451744,0.07033
822,Nexxo,NEXXO,4449238,0.02073
823,CUTcoin,CUT,4431339,0.03488
824,StakeCubeCoin,SCC,4420054,0.5489
825,RING X PLATFORM,RINGX,4458727,0.03249
826,QLC Chain,QLC,4418894,0.01841
827,Mirrored Amazon,mAMZN,4404201,3488.27
828,Polyient Games Governance Token,PGT,4394547,250.40
829,bitCNY,BITCNY,4392854,0.1555
830,StableXSwap,STAX,4379472,0.3209
831,Callisto Network,CLO,4378475,0.001700
832,Nexty,NTY,4375938,0.00002784
833,BackPacker Coin,BPC,4353567,0.7230
834,All Sports,SOC,4380319,0.002920
835,apM Coin,APM,4333729,0.01198
836,ODEM,ODE,4305827,0.01965
837,Valor Token,VALOR,4327531,0.2160
838,Neumark,NEU,4279368,0.1267
839,Alchemy Pay,ACH,4263015,0.003515
840,dForce USDx,USDX,4242864,0.9878
841,NuBits,USNBT,4225523,0.3848
842,Zano,ZANO,4217220,0.4024
843,Kira Network,KEX,4176531,0.3333
844,Blackmoon,BMC,4172327,0.07727
845,Qredit,XQR,4176033,0.006228
846,Spectre.ai Dividend Token,SXDT,4161163,0.05070
847,Digix Gold Token,DGX,4099935,53.48
848,Burst,BURST,4095746,0.001938
849,BitCore,BTX,4093258,0.2272
850,Hyprr (Howdoo),UDOO,4088617,0.04180
851,Safe,SAFE,3523543,0.1691
852,Fatcoin,FAT,4035259,0.03372
853,VNDC,VNDC,4020215,0.00003944
854,Mirrored Microsoft,mMSFT,4074096,232.43
855,ColossusXT,COLX,4061778,0.0003229
856,SONM,SNM,4183162,0.01163
857,DATA,DTA,4107848,0.0003572
858,Dentacoin,DCN,4014201,0.000007601
859,Litecoin Cash,LCC,4002917,0.005651
860,Swingby,SWINGBY,4004505,0.07482
861,T.OS,TOSC,4004026,0.004847
862,Dollars,USDX,3996803,0.7765
863,SENSO,SENSO,3984652,0.3255
864,SIX,SIX,3982548,0.01455
865,GridCoin,GRC,3912841,0.009502
866,Abyss,ABYSS,3978817,0.01740
867,Digital Asset Guarantee Token,DAGT,4110293,0.1242
868,Nsure.Network,NSURE,3932096,0.6936
869,Tixl [old],MTXLT,3915682,78.29
870,Zel,ZEL,3935468,0.03264
871,Credits,CS,3913696,0.01751
872,Viberate,VIB,3881327,0.01993
873,Mirrored iShares Gold Trust,mIAU,3902284,18.55
874,suterusu,SUTER,3888306,0.002394
875,Casino Betting Coin,CBC,3873658,0.02485
876,Mirrored iShares Silver Trust,mSLV,3828370,25.01
877,Monetha,MTH,4057691,0.01008
878,Mirrored United States Oil Fund,mUSO,3806023,36.06
879,GHOSTPRISM,GHOST,3802572,1.08
880,VeriDocGlobal,VDG,3784510,0.0004176
881,FREE Coin,FREE,3768145,0.0000003882
882,NAGA,NGC,3767750,0.05236
883,OpenDAO,OPEN,3760342,1.04
884,Tixl [NEW],TXL,3753221,0.06941
885,BakeryToken,BAKE,3693761,0.02887
886,fyeth.finance,YETH,3698000,6.75
887,Mirrored Alibaba,mBABA,3684833,268.81
888,carVertical,CV,3676689,0.0004822
889,Mirrored Netflix,mNFLX,3671554,582.07
890,CanonChain,CZR,3671386,0.006306
891,Quasarcoin,QAC,3666192,0.02176
892,GlobalBoost-Y,BSTY,3665972,0.2042
893,SingularDTV,SNGLS,3838011,0.006397
894,Lykke,LKK,3650656,0.01152
895,Remme,REM,3625401,0.003625
896,DECOIN,DTEP,3717761,0.06863
897,VNT Chain,VNT,3604426,0.001326
898,Sense,SENSE,3594775,0.004466
899,CasinoCoin,CSC,3573585,0.00008934
900,Emercoin,EMC,3544746,0.07567
901,Mirrored Twitter,mTWTR,3541799,48.64
902,SwftCoin,SWFTC,3492573,0.0008721
903,Offshift,XFT,3521268,1.96
904,BitGreen,BITG,3482447,0.2916
905,SmartMesh,SMT,3473873,0.002591
906,TronEuropeRewardCoin,TERC,3183330,0.01329
907,MediShares,MDS,3440156,0.002867
908,Phore,PHR,3502513,0.1513
909,Mirrored ProShares VIX,mVIXY,3426468,14.26
910,Qubitica,QBIT,3421268,4.23
911,Parachute,PAR,3453208,0.005864
912,Game.com,GTC,3403445,0.004470
913,Diamond Platform Token,DPT,3394943,1.97
914,indaHash,IDH,3386574,0.008468
915,Epic Cash,EPIC,3391561,0.3325
916,Swace,SWACE,3374941,0.006575
917,Dev Protocol,DEV,3429152,4.87
918,Goldcoin,GLC,3355472,0.08054
919,Smartlands Network,SLT,3340464,0.6549
920,BOLT,BOLT,3338178,0.003368
921,SonoCoin,SONO,3295811,0.1167
922,BaaSid,BAAS,3662154,0.0007181
923,Traceability Chain,TAC,3289147,0.003605
924,Block-Chain.com,BC,3281692,0.01583
925,YOU COIN,YOU,3278762,0.005896
926,FinNexus,FNX,3267689,0.1861
927,Budbo,BUBO,3266131,0.03975
928,Lamden,TAU,3261244,0.02293
929,XYO,XYO,3301556,0.0002570
930,OneRoot Network,RNT,3234051,0.01138
931,Pluton,PLU,3215150,3.77
932,BlockStamp,BST,3206742,0.1203
933,Zenfuse,ZEFU,3199347,0.08356
934,Rupiah Token,IDRT,3198694,0.00007144
935,Spiking,SPIKE,3198994,0.007223
936,ZeroSwap,ZEE,3188690,0.1413
937,Atlas Protocol,ATP,3165033,0.001229
938,Mooncoin,MOON,3165458,0.00001392
939,Peculium,PCL,3163081,0.001551
940,SOMESING,SSX,3184308,0.02221
941,CPChain,CPC,3164417,0.008399
942,Bezant,BZNT,3160524,0.003598
943,EasyFi,EASY,3165956,5.96
944,DEJAVE,DJV,3129100,1780.93
945,DigitalNote,XDN,3132161,0.0006459
946,PANTHEON X,XPN,3134953,0.005021
947,Qitmeer,PMEER,3114110,0.02157
948,NIX,NIX,3113826,0.06405
949,Feathercoin,FTC,3113063,0.01316
950,UnlimitedIP,UIP,3114608,0.002346
951,ScPrime,SCP,3084251,0.09569
952,Smart MFG,MFG,3077708,0.01042
953,Decentrahub Coin,DCNTR,3047176,2.95
954,Aeon,AEON,3049974,0.1927
955,Earneo,RNO,3043421,0.01196
956,BitTube,TUBE,3015497,0.01047
957,Dimecoin,DIME,3014031,0.000006301
958,Minereum,MNE,3010712,0.2687
959,XMax,XMX,3008669,0.0002098
960,Folder Protocol,FOL,3007233,1.00
961,HYCON,HYC,3006408,0.001305
962,Idena,IDNA,3011290,0.08276
963,HyperDAO,HDAO,2977718,0.007740
964,Multi Channel Influencer Creater Cloud Funding Platform,MCI,2968088,0.006277
965,NextDAO,NAX,2964463,0.001685
966,PotCoin,POT,2954557,0.01310
967,TrueFeedBack,TFB,2927720,0.001242
968,Airbloc,ABL,2946970,0.01168
969,Myriad,XMY,2939037,0.001664
970,Tripio,TRIO,2943506,0.0007849
971,Lympo,LYM,2933320,0.003548
972,ToaCoin,TOA,2904464,0.0003229
973,iEthereum,IETH,2908205,0.1616
974,e-Gulden,EFL,2880019,0.1679
975,BUX Token,BUX,2879699,0.04973
976,UniLayer,LAYER,2881644,0.1455
977,Jarvis Network,JRT,2862952,0.09870
978,Insights Network,INSTAR,2861302,0.01454
979,Validity,VAL,2840873,0.6761
980,Midas,MIDAS,2828472,2.10
981,SmartCredit Token,SMARTCREDIT,2842017,2.57
982,Bitrue Coin,BTR,2824812,0.03508
983,Coineal Token,NEAL,2808141,0.01163
984,PIBBLE,PIB,2792932,0.0001711
985,Verasity,VRA,2793550,0.0007198
986,Holyheld,HOLY,2685744,0.8870
987,Blockmason Credit Protocol,BCPT,2777623,0.02391
988,EXMO Coin,EXM,2769931,0.003882
989,Benchmark Protocol,MARK,2760989,1.43
990,DeepOnion,ONION,2784632,0.1243
991,TERA,TERA,2768985,0.003278
992,HTMLCOIN,HTML,2732236,0.00005149
993,Origo,OGO,2728249,0.006193
994,SynLev,SYN,2725128,0.2225
995,Genaro Network,GNX,2724168,0.01002
996,EOSDT,EOSDT,2680696,1.01
997,Ormeus Cash,OMC,2667431,0.01401
998,Egretia,EGT,2676297,0.0006344
999,Wings,WINGS,2663578,0.02664
1000,Amon,AMN,2656675,0.003793